01.請問今天幾月幾日?,images/1.png
02.請問今天幾月幾日?,images/2.png
03.請問今天幾月幾日?,images/3.png
04.請問今天幾月幾日?,images/4.png
05.請問今天幾月幾日?,images/5.png
06.請問今天幾月幾日?,images/6.png
07.請問今天幾月幾日?,images/7.png
08.請問今天幾月幾日?,images/8.png
09.請問今天幾月幾日?,images/9.png
10.請問今天幾月幾日?,images/10.png
11.請問今天幾月幾日?,images/11.png
12.請問今天幾月幾日?,images/12.png
13.請問今天幾月幾日?,images/13.png
14.請問今天幾月幾日?,images/14.png
15.請問今天幾月幾日?,images/15.png
16.請問今天幾月幾日?,images/16.png
17.請問今天幾月幾日?,images/17.png
18.請問今天幾月幾日?,images/18.png
19.請問今天幾月幾日?,images/19.png
20.請問今天幾月幾日?,images/20.png
